match_url,home_team_name,away_team_name,home_team_score,away_team_score,home_team_xg,away_team_xg,xg_is_estimated,home_team_possession,away_team_possession,home_passing_onTarget,home_total_passing,away_passing_onTarget,away_total_passing,home_shots_onTarget,home_total_shots,away_shots_onTarget,away_total_shots,home_saves_onTarget,home_total_saves,away_saves_onTarget,away_total_saves,home_team_cards_number,away_team_cards_number,home_fouls,away_fouls,home_corners,away_corners,home_crosses,away_crosses,home_touches,away_touches,home_tackels,away_tackels,home_interceptions,away_interceptions,home_aerials,away_aerials,home_clearances,away_clearances,home_offsides,away_offsides,home_goal_kicks,away_goal_kicks,home_throw_ins,away_throw_ins,home_long_balls,away_long_balls,home_players_penalties_made,home_players_penalties_attempted,home_players_npxG,home_players_xAG,home_players_SCA,home_players_GCA,home_players_proggresive_passes,home_players_carries,home_players_proggresive_carries,home_players_take_ons_attempted,home_players_take_ons_successfull,away_players_penalties_made,away_players_penalties_attempted,away_players_npxG,away_players_xAG,away_players_SCA,away_players_GCA,away_players_proggresive_passes,away_players_carries,away_players_proggresive_carries,away_players_take_ons_attempted,away_players_take_ons_successfull,home_players_passing_total_distance,home_players_passing_progressive_distance,home_players_short_passes_completed,home_players_short_passes_attempted,home_players_medium_passes_completed,home_players_medium_passes_attempted,home_players_long_passes_completed,home_players_long_passes_attempted,home_players_xA,home_players_key_passes,home_players_passes_final_third,home_players_passes_penalty_area,home_players_crosses_penalty_area,away_players_passing_total_distance,away_players_passing_progressive_distance,away_players_short_passes_completed,away_players_short_passes_attempted,away_players_medium_passes_completed,away_players_medium_passes_attempted,away_players_long_passes_completed,away_players_long_passes_attempted,away_players_xA,away_players_key_passes,away_players_passes_final_third,away_players_passes_penalty_area,away_players_crosses_penalty_area,home_players_tackles_won,home_players_tackles_defensive_third,home_players_tackles_middle_third,home_players_tackles_attacking_third,home_players_dribblers_tackled,home_players_challanges_lost,home_players_blocks,home_players_shots_blocked,home_players_passes_blocked,home_players_defensive_errors,away_players_tackles_won,away_players_tackles_defensive_third,away_players_tackles_middle_third,away_players_tackles_attacking_third,away_players_dribblers_tackled,away_players_challanges_lost,away_players_blocks,away_players_shots_blocked,away_players_passes_blocked,away_players_defensive_errors,home_players_touches_defensive_penalty_area,home_players_touches_defensive_third,home_players_touches_middle_third,home_players_touches_attacking_third,home_players_touches_attacking_penalty_area,home_players_live_touches,home_players_times_tackled_takeOn,home_players_total_carrying_distance,home_players_progressive_carrying_distance,home_players_progressive_carrying_final_third,home_players_progressive_carrying_penalty_area,home_players_miscontrols,home_players_dispossessed,home_players_passes_recived,home_players_progressive_passes_recived,away_players_touches_defensive_penalty_area,away_players_touches_defensive_third,away_players_touches_middle_third,away_players_touches_attacking_third,away_players_touches_attacking_penalty_area,away_players_live_touches,away_players_times_tackled_takeOn,away_players_total_carrying_distance,away_players_progressive_carrying_distance,away_players_progressive_carrying_final_third,away_players_progressive_carrying_penalty_area,away_players_miscontrols,away_players_dispossessed,away_players_passes_recived,away_players_progressive_passes_recived,home_players_aerials_won,home_players_aerials_lost,away_players_aerials_won,away_players_aerials_lost,home_goalkeeper_shots_onTarget_against,home_goalkeeper_goals_against,home_goalkeeper_PSxG,home_goalkeeper_long_passes_completed,home_goalkeeper_long_passes_attempted,home_goalkeeper_short_passes_attempted,home_goalkeeper_throws_attempted,home_goalkeeper_average_pass_length,home_goalkeeper_goal_kicks_attempted,home_goalkeeper_average_goal_kick_length,home_goalkeeper_crosses_faced,home_goalkeeper_crosses_stopped,home_goalkeeper_OPA,home_goalkeeper_average_distance_def_action,away_goalkeeper_shots_onTarget_against,away_goalkeeper_goals_against,away_goalkeeper_PSxG,away_goalkeeper_long_passes_completed,away_goalkeeper_long_passes_attempted,away_goalkeeper_short_passes_attempted,away_goalkeeper_throws_attempted,away_goalkeeper_average_pass_length,away_goalkeeper_goal_kicks_attempted,away_goalkeeper_average_goal_kick_length,away_goalkeeper_crosses_faced,away_goalkeeper_crosses_stopped,away_goalkeeper_OPA,away_goalkeeper_average_distance_def_action
https://fbref.com/en/matches/c8ec6e9b/Bayern-Munich-Mainz-05-April-26-2025-Bundesliga,Bayern Munich,Mainz 05,3,0,1.1,0.7,False,59%,41%,539,607,346,430,6,14,3,8,3,3,3,6,2,2,13,17,4,4,10,16,722,526,12,20,7,10,11,5,26,24,1,0,5,4,14,18,55,66,0,0,1.1,0.9,27,5,37,479,14,25,8,0,0,0.7,0.7,16,0,25,350,8,10,5,8816,2862,271,283,213,234,41,67,1.2,12,48,8,0,5729,2029,168,187,134,152,31,65,0.7,8,22,5,1,8,4,5,3,4,5,7,1,6,0,12,14,6,0,13,8,6,4,2,1,59,196,326,210,25,722,13,2062,957,16,6,18,7,533,37,61,223,200,111,14,526,4,1754,707,12,3,16,8,344,25,11,5,5,11,3,0,0.6,6,17,41,5,33.6,3,62.0,14,0,1,31.0,6,3,1.7,3,17,27,3,39.4,4,43.0,9,0,0,12.8
https://fbref.com/en/matches/27da1c68/Heidenheim-Wolfsburg-November-10-2024-Bundesliga,Heidenheim,Wolfsburg,1,3,2.4,1.5,False,65%,35%,461,575,210,307,4,19,6,13,3,6,3,4,1,1,9,23,5,5,33,12,694,453,21,17,8,7,29,18,16,44,4,0,4,10,25,17,66,72,0,0,2.5,1.4,32,1,43,435,24,14,4,0,0,1.5,0.4,21,4,23,171,11,17,6,8424,3044,163,196,242,280,43,69,1.4,12,33,7,4,4026,1884,88,102,81,109,31,70,0.8,7,17,6,0,12,13,5,3,11,6,10,4,6,2,8,15,1,1,8,4,15,8,7,0,47,165,353,187,28,694,8,2692,1482,23,4,18,9,459,43,82,194,151,114,21,453,11,1091,495,9,3,7,10,208,23,29,18,18,29,6,3,2.0,1,4,26,6,25.7,4,20.8,8,0,3,13.5,4,1,1.5,4,21,34,6,38.2,4,66.3,29,1,0,4.0
https://fbref.com/en/matches/e8d6223f/Werder-Bremen-Hoffenheim-February-16-2025-Bundesliga,Werder Bremen,Hoffenheim,1,3,1.1,1.4,False,63%,37%,499,634,263,379,2,14,6,15,3,6,2,2,2,2,14,12,6,4,29,20,731,530,12,21,8,14,19,18,15,34,4,4,3,8,35,11,73,77,0,0,1.1,1.0,26,0,52,446,17,21,12,0,0,1.4,1.4,26,6,29,260,15,16,7,8674,3011,207,235,216,252,51,91,1.3,11,36,14,2,4845,1967,123,144,108,148,27,72,1.6,13,18,10,3,8,7,3,2,7,7,8,5,3,0,13,8,11,2,9,12,22,6,16,0,52,233,326,180,25,731,9,2010,1043,19,3,12,12,493,52,68,217,215,104,26,530,7,1162,605,5,4,11,5,262,29,19,18,18,19,6,3,1.9,3,8,27,7,30.2,3,22.3,15,3,0,8.3,2,1,0.6,6,28,31,4,48.0,7,62.6,25,1,1,12.3
https://fbref.com/en/matches/7562a0c2/Bayern-Munich-Stuttgart-October-19-2024-Bundesliga,Bayern Munich,Stuttgart,4,0,3.2,0.5,False,65%,35%,648,733,307,396,10,22,1,4,1,1,6,10,0,0,6,10,7,3,15,8,828,487,15,12,4,16,5,6,13,14,2,2,3,13,14,22,64,63,0,0,3.3,2.5,42,7,51,439,22,18,13,0,0,0.5,0.5,8,0,19,259,6,16,9,11123,3534,314,343,272,293,54,80,2.6,17,47,17,4,5388,1850,150,164,128,150,27,66,0.6,4,14,3,1,11,5,6,4,7,9,5,1,4,0,6,7,5,0,5,13,11,4,7,0,66,261,350,222,42,828,5,2318,1190,12,11,12,7,647,51,94,229,195,67,6,487,7,1059,533,7,0,13,8,303,19,5,6,6,5,1,0,0.0,4,8,60,3,25.2,0,,6,0,1,15.8,10,4,2.9,5,22,47,4,38.9,2,17.0,14,2,1,10.5
https://fbref.com/en/matches/afaee823/Wolfsburg-Werder-Bremen-October-20-2024-Bundesliga,Wolfsburg,Werder Bremen,2,4,1.8,2.0,False,43%,57%,324,427,465,567,5,14,7,15,3,7,3,5,2,2,15,9,4,4,15,12,533,672,12,12,13,14,13,10,18,20,4,0,6,7,15,18,71,62,0,0,2.1,0.7,21,3,35,264,21,18,9,0,0,2.1,1.9,27,6,36,444,26,16,7,5985,2235,136,160,137,156,41,79,0.8,10,26,6,1,7770,2840,206,236,191,220,41,70,1.8,13,16,11,2,10,3,5,4,7,7,10,4,6,1,4,5,5,2,7,9,9,2,7,2,59,165,270,106,24,533,7,1406,721,8,9,13,5,321,35,73,249,299,124,23,672,7,2167,1000,15,4,11,5,461,36,13,10,10,13,7,4,2.8,4,14,32,3,34.8,5,53.8,10,1,2,13.4,5,2,1.8,3,12,46,4,29.2,3,35.3,11,2,2,12.6
https://fbref.com/en/matches/157d560f/Heidenheim-Freiburg-September-21-2024-Bundesliga,Heidenheim,Freiburg,0,3,0.7,1.4,False,42%,58%,307,415,441,562,1,7,5,15,2,5,1,1,1,1,6,7,3,9,17,21,512,647,7,11,11,11,16,12,20,14,2,1,8,6,18,21,78,99,0,0,0.7,0.6,12,0,29,269,7,10,2,0,0,1.4,1.2,28,5,54,343,12,11,6,6423,2666,99,120,165,199,42,85,0.6,6,23,6,3,9014,3637,149,175,216,255,69,114,2.1,13,34,14,2,7,4,3,0,4,6,12,4,8,0,10,6,2,3,7,2,7,1,6,0,64,238,189,91,13,512,7,1165,550,7,0,25,4,303,29,57,227,262,164,23,647,4,1867,873,11,1,18,3,429,54,16,12,12,16,5,3,2.5,7,11,33,4,31.7,8,40.1,13,0,2,16.0,1,0,0.1,6,18,52,5,34.2,4,29.8,14,0,1,11.8
https://fbref.com/en/matches/52386e22/Dortmund-Augsburg-March-8-2025-Bundesliga,Dortmund,Augsburg,0,1,1.2,0.2,False,71%,29%,533,661,183,271,1,15,1,6,0,1,1,1,1,1,6,12,12,3,49,8,765,433,21,23,4,11,14,15,7,54,4,4,3,20,20,17,63,73,0,0,1.2,1.0,28,0,70,457,24,19,6,0,0,0.2,0.2,11,2,17,175,12,19,9,9494,3322,221,248,259,302,43,80,1.3,10,59,14,4,4138,2172,62,87,87,107,34,68,0.4,6,14,5,4,15,8,10,3,8,9,8,2,6,0,20,13,8,2,10,6,13,5,8,0,47,207,320,245,36,765,10,2187,1152,13,5,17,13,525,70,105,221,147,68,12,433,8,894,431,2,3,18,13,180,16,14,15,15,14,1,1,0.0,0,1,26,4,20.0,3,16.0,8,0,0,11.0,1,0,0.0,12,31,29,1,40.1,17,67.5,38,3,2,8.9
https://fbref.com/en/matches/5496aa43/RB-Leipzig-Union-Berlin-September-14-2024-Bundesliga,RB Leipzig,Union Berlin,0,0,1.3,0.6,False,67%,33%,678,783,280,382,2,14,3,10,3,3,2,2,2,2,8,19,6,5,18,11,906,513,22,24,6,7,17,5,16,34,1,1,3,6,13,16,56,61,0,1,0.5,0.3,29,0,43,529,16,24,9,0,0,0.6,0.4,17,0,16,257,5,15,6,10747,3491,320,363,298,323,37,62,0.6,9,50,7,0,4651,1882,145,169,96,118,26,59,0.7,6,16,2,0,13,8,6,8,8,6,14,3,11,0,9,15,8,1,11,9,12,6,6,0,48,175,578,156,23,905,11,2191,999,15,6,16,13,677,43,73,222,204,89,14,513,8,1116,365,8,1,9,14,279,16,17,5,5,17,3,0,0.4,1,5,34,6,25.0,3,19.7,10,0,0,17.0,3,0,1.1,4,11,24,4,33.3,5,55.6,15,1,0,8.0
https://fbref.com/en/matches/52b3b191/Mainz-05-Eintracht-Frankfurt-May-4-2025-Bundesliga,Mainz 05,Eintracht Frankfurt,1,1,1.4,1.3,False,64%,36%,470,607,231,347,3,12,2,8,1,2,2,3,1,1,10,10,8,1,32,6,716,496,11,15,11,9,15,27,23,54,3,2,7,10,22,26,100,87,0,0,1.5,1.0,23,2,51,400,11,10,2,0,0,1.3,0.8,11,1,11,214,8,12,5,9150,3229,175,210,235,263,55,105,1.1,9,52,9,5,4037,1695,108,123,75,101,32,85,0.5,5,10,2,0,8,6,4,1,6,5,17,1,16,1,10,6,8,1,8,2,15,4,11,0,53,210,328,185,23,716,8,1521,764,11,2,17,7,462,50,84,217,194,88,8,496,6,912,453,7,3,16,5,229,11,15,27,27,15,2,1,0.6,7,22,38,1,39.3,6,53.2,6,0,4,21.0,3,1,1.2,9,26,38,2,45.4,2,60.0,24,1,2,11.8
https://fbref.com/en/matches/c3867638/Celtic-RB-Leipzig-November-5-2024-Champions-League,Celtic,RB Leipzig,3,1,1.8,1.3,False,60%,40%,610,683,379,449,5,17,3,10,2,3,2,5,0,0,7,13,7,8,16,22,786,554,22,14,5,9,10,8,21,20,2,1,5,11,12,10,37,45,0,0,1.8,1.4,34,6,40,486,17,16,11,0,0,1.3,0.7,15,1,25,350,9,16,3,11117,3506,234,258,333,358,42,60,1.7,14,48,8,0,6446,2158,183,200,162,176,30,61,1.0,7,28,10,4,11,12,6,4,13,3,8,3,5,1,12,7,4,3,4,11,9,4,5,1,77,292,334,163,24,786,4,2128,1069,8,7,7,10,602,39,78,262,175,121,14,554,13,1495,679,11,0,13,9,376,25,10,8,8,10,3,1,1.1,1,4,35,4,26.1,5,20.2,19,0,0,5.5,5,3,2.6,1,1,23,4,21.3,11,19.1,12,1,0,3.8
https://fbref.com/en/matches/dfa28f9b/Bayern-Munich-Bochum-March-8-2025-Bundesliga,Bayern Munich,Bochum,2,3,2.4,1.1,False,73%,27%,696,779,196,284,5,13,5,8,2,5,3,5,1,1,7,14,9,3,19,9,915,417,20,28,7,11,21,17,17,28,3,1,3,9,25,16,50,71,0,1,1.6,1.6,24,3,59,609,18,25,11,0,0,1.1,0.6,15,5,22,206,8,15,2,11333,3735,365,390,270,291,46,63,1.8,13,69,18,3,3978,1960,85,104,80,98,31,75,0.9,5,17,6,1,6,9,3,8,13,2,8,2,6,2,19,19,9,0,13,11,13,2,11,1,49,170,484,270,34,914,13,2556,1393,15,1,16,15,690,58,65,192,137,95,16,417,13,933,284,10,2,11,7,196,22,21,17,17,21,5,3,1.5,5,6,37,6,27.4,0,,7,3,3,19.9,5,2,2.1,13,29,24,0,53.0,9,70.3,18,0,0,10.0
https://fbref.com/en/matches/77f7b50a/St-Pauli-Union-Berlin-January-26-2025-Bundesliga,St. Pauli,Union Berlin,3,0,1.2,1.1,False,44%,56%,323,426,442,545,5,16,2,14,2,2,2,5,0,0,6,15,5,7,17,17,551,654,11,12,8,2,18,21,32,21,1,0,13,7,15,25,65,79,0,0,1.2,1.0,29,6,29,290,8,6,1,0,0,1.1,1.0,27,0,31,365,12,9,6,5593,2066,152,176,133,159,28,65,0.9,12,17,4,1,7694,2876,191,220,184,207,42,77,0.8,11,31,8,2,7,5,4,2,3,6,17,3,14,1,7,5,6,1,4,1,18,7,11,1,77,204,240,112,27,551,4,996,463,11,3,13,8,318,28,56,191,354,112,16,654,3,1729,805,9,4,21,8,440,31,18,21,21,18,2,0,0.4,0,14,29,4,34.8,12,21.8,14,1,0,8.5,5,3,1.6,6,8,18,5,25.9,7,49.9,13,0,0,13.0
https://fbref.com/en/matches/a0e9bb68/Hoffenheim-Werder-Bremen-September-29-2024-Bundesliga,Hoffenheim,Werder Bremen,3,4,1.2,2.9,False,37%,64%,281,365,561,635,4,10,10,23,6,10,1,4,4,4,11,19,2,6,12,24,476,764,19,17,5,3,11,16,26,23,1,1,5,5,22,14,61,33,0,0,1.2,0.9,18,6,21,263,9,15,6,0,0,3.1,2.2,42,6,57,550,26,15,6,5239,2127,107,121,130,150,32,65,0.9,7,27,4,1,8652,2691,291,311,223,249,29,43,3.5,18,57,22,9,7,15,3,1,7,6,18,10,8,0,11,6,9,2,9,6,13,2,11,0,87,222,174,84,14,476,9,1154,579,1,4,7,8,277,21,46,130,321,320,53,764,7,2494,1492,27,9,15,12,558,57,11,16,16,11,10,4,4.3,5,15,31,5,36.8,4,21.5,18,1,0,12.0,4,3,1.9,2,5,19,4,32.7,0,,9,2,1,12.5
https://fbref.com/en/matches/05f318cc/Bayern-Munich-Wolfsburg-January-18-2025-Bundesliga,Bayern Munich,Wolfsburg,3,2,3.0,0.5,False,71%,29%,664,736,221,298,10,25,3,7,1,3,7,10,2,2,10,9,6,2,21,5,850,416,12,20,3,7,14,9,9,33,0,0,6,13,20,21,59,71,0,0,3.1,2.9,46,5,58,546,23,33,14,0,0,0.5,0.4,12,4,10,181,3,14,5,11221,3547,318,340,276,294,56,75,3.1,22,49,14,5,4941,2090,75,96,102,115,42,76,0.1,5,11,2,0,6,5,3,4,8,5,8,1,7,1,9,11,9,0,15,14,18,3,15,2,34,182,392,278,43,850,15,2841,1364,19,10,14,5,659,58,92,238,144,42,9,416,8,756,245,2,2,12,4,220,10,14,9,9,14,3,2,1.9,7,14,41,4,33.2,3,47.7,4,1,1,16.3,10,3,3.3,13,24,35,2,46.1,6,36.3,20,0,0,2.7
https://fbref.com/en/matches/3142b1ac/Freiburg-Wolfsburg-December-13-2024-Bundesliga,Freiburg,Wolfsburg,3,2,2.1,1.8,False,53%,47%,406,517,350,462,9,18,5,20,3,5,6,9,4,4,11,3,5,6,16,21,640,591,14,11,10,9,13,21,29,26,2,2,14,6,20,15,67,75,0,0,2.1,1.2,32,5,32,285,17,17,11,0,0,1.8,1.3,37,4,30,336,15,10,3,7003,2478,170,189,179,211,35,69,1.6,13,21,11,5,6503,2633,157,187,136,160,48,87,1.2,16,34,6,3,11,6,7,1,6,3,13,4,9,2,7,3,5,3,4,11,20,5,15,0,69,229,285,131,24,640,4,1632,846,6,3,15,7,401,32,67,180,250,164,20,591,6,1496,652,15,3,15,8,341,29,13,21,21,13,5,2,2.3,6,16,35,0,25.6,12,52.9,20,0,2,12.8,9,3,4.1,10,19,35,4,35.9,5,56.6,13,1,0,9.0
https://fbref.com/en/matches/5ad7fdc3/Freiburg-Bochum-September-14-2024-Bundesliga,Freiburg,Bochum,2,1,3.7,0.9,False,54%,46%,370,489,295,416,8,26,3,13,2,3,6,8,0,0,5,16,5,6,20,14,618,549,16,12,11,11,21,29,16,24,7,2,5,10,19,22,68,91,0,0,4.1,2.2,41,3,40,227,10,15,9,0,0,0.9,0.5,20,1,31,272,10,14,7,6953,2862,150,182,176,215,36,69,1.9,18,39,4,2,6034,2765,107,125,141,174,42,88,0.6,9,29,8,1,13,6,8,2,7,7,14,3,11,1,9,7,3,2,6,9,16,10,6,0,51,186,298,140,34,618,6,1546,770,10,6,18,6,365,40,70,210,237,106,18,549,7,1129,422,4,2,23,9,291,30,21,29,29,21,3,1,1.8,9,22,44,5,37.7,2,77.5,10,2,3,16.6,8,2,3.8,11,24,38,3,36.9,10,55.0,18,1,3,15.3
https://fbref.com/en/matches/d31a8f27/Bochum-Monchengladbach-August-31-2024-Bundesliga,Bochum,Mönchengladbach,0,2,0.7,2.9,False,39%,61%,297,402,518,632,4,15,5,15,3,5,4,4,1,1,9,10,3,4,19,23,522,740,13,14,4,11,15,12,28,28,1,2,7,9,24,27,70,89,0,0,0.7,0.6,24,0,38,260,13,13,2,0,0,2.9,2.8,29,4,45,418,23,23,13,5829,2446,111,140,146,179,36,65,1.0,11,20,10,6,9027,3301,243,260,202,235,56,93,2.0,13,36,14,3,10,5,4,4,9,13,23,5,18,1,11,9,5,0,9,2,8,3,5,0,76,159,229,141,20,522,9,1371,722,10,1,15,5,296,38,93,327,265,154,36,740,9,2028,913,10,4,16,4,515,45,15,12,12,15,5,2,2.6,9,21,37,3,34.1,4,52.8,17,1,3,19.2,4,0,0.7,11,17,48,3,32.2,4,57.5,16,0,1,15.5
https://fbref.com/en/matches/c2147a07/Lille-Dortmund-March-12-2025-Champions-League,Lille,Dortmund,1,2,1.2,3.0,False,49%,51%,362,471,383,491,4,11,5,16,4,5,3,4,2,2,11,12,4,3,14,20,600,626,19,22,7,11,14,19,27,29,0,3,10,7,19,28,67,88,0,0,1.2,1.0,20,2,38,403,14,32,19,1,1,2.3,1.8,30,4,44,416,11,23,12,6593,2630,162,199,156,179,36,64,1.4,8,26,10,2,7161,2562,150,173,174,198,47,87,1.3,12,39,8,3,11,9,7,3,10,12,9,3,6,3,12,14,5,3,9,19,20,2,18,2,74,201,241,170,24,600,9,2259,935,18,4,18,13,361,38,55,182,300,152,21,625,10,1856,810,13,2,14,9,379,43,14,19,19,14,6,2,2.3,10,22,34,4,37.4,5,60.0,14,1,0,9.3,4,1,1.6,7,18,24,0,44.3,3,44.3,11,0,2,16.5
https://fbref.com/en/matches/279f61ea/Wolfsburg-RB-Leipzig-April-11-2025-Bundesliga,Wolfsburg,RB Leipzig,2,3,1.6,1.3,False,47%,53%,343,451,401,502,6,17,5,16,2,5,4,6,2,2,14,13,8,5,35,13,578,635,14,17,11,7,13,17,30,33,3,3,8,10,20,17,74,62,0,0,1.6,1.2,33,4,43,333,24,11,4,0,0,1.3,0.9,28,4,24,279,16,17,9,6196,2631,168,193,118,143,48,87,1.4,12,25,11,3,6611,2623,200,218,151,172,34,68,0.9,14,31,9,1,6,8,5,1,5,9,18,5,13,3,10,12,2,3,7,4,12,3,9,0,67,215,184,182,29,578,7,1680,809,16,7,12,10,339,41,78,210,233,199,22,635,5,1518,759,16,5,17,9,401,24,13,17,17,13,5,3,1.8,6,17,38,2,36.6,6,46.0,9,0,1,13.8,6,2,1.6,7,18,33,5,36.6,9,42.0,24,2,0,5.8
https://fbref.com/en/matches/49aa197e/Holstein-Kiel-Union-Berlin-October-20-2024-Bundesliga,Holstein Kiel,Union Berlin,0,2,1.3,1.1,False,48%,52%,381,493,423,529,4,12,4,14,2,4,4,4,2,2,8,11,7,3,24,19,602,631,18,10,8,11,24,17,18,16,1,4,7,9,26,17,71,72,0,0,1.4,1.0,20,0,30,236,14,15,8,0,0,1.1,1.0,26,4,49,346,18,15,6,7151,2655,138,166,206,239,35,69,0.9,8,23,7,5,7423,2913,197,220,164,193,47,71,1.4,11,30,13,5,11,12,4,2,8,6,18,4,14,0,7,6,3,1,5,8,12,2,10,0,66,199,290,117,18,602,5,1459,802,9,1,11,5,379,30,51,190,299,144,28,631,8,1412,765,11,3,8,10,418,49,24,17,17,24,4,2,1.4,3,12,28,9,29.5,6,57.7,14,0,2,24.0,4,0,1.8,2,8,30,9,28.2,4,71.5,19,3,1,9.8
https://fbref.com/en/matches/16d2485c/Mainz-05-Hoffenheim-December-1-2024-Bundesliga,Mainz 05,Hoffenheim,2,0,2.2,0.4,False,52%,48%,355,491,331,452,8,18,2,10,2,2,6,8,1,1,13,12,8,3,25,12,651,632,30,32,16,9,13,18,20,38,0,2,9,5,26,25,100,56,0,0,2.4,1.8,30,4,39,289,12,19,6,0,0,0.4,0.4,17,0,26,297,8,20,6,6597,2813,159,197,140,170,47,98,2.3,13,36,9,3,5348,2225,165,195,118,152,25,62,0.8,7,24,2,0,14,7,17,6,10,6,10,3,7,0,23,14,12,6,13,6,19,6,13,2,59,205,262,193,38,651,13,1126,456,7,3,24,19,352,39,88,255,269,116,13,632,10,1155,515,4,2,21,20,327,26,13,18,18,13,2,0,0.2,7,20,33,2,39.8,4,72.3,10,2,1,13.2,8,2,2.6,7,16,35,7,31.7,5,64.6,20,0,2,16.3
https://fbref.com/en/matches/15fd87e3/Mainz-05-Stuttgart-January-25-2025-Bundesliga,Mainz 05,Stuttgart,2,0,1.9,1.1,False,44%,56%,278,402,404,514,4,11,4,10,4,4,2,4,4,4,12,8,9,2,21,15,529,627,28,12,9,4,23,21,22,28,4,5,6,7,21,17,86,65,0,0,1.9,1.9,22,4,39,219,10,18,11,0,0,1.1,0.8,15,0,42,299,16,18,10,5295,2365,117,143,121,151,35,83,1.4,11,26,9,1,6669,2507,201,223,158,186,34,75,1.3,8,38,11,3,18,13,12,3,8,10,8,3,5,0,10,5,4,3,7,11,11,3,8,0,71,194,163,173,28,529,7,1133,471,8,4,23,5,274,37,73,201,298,131,39,627,8,1781,913,10,7,18,20,399,41,23,21,21,23,4,0,0.5,10,30,39,2,46.6,4,74.5,11,1,6,17.8,4,2,1.4,6,20,34,2,37.0,5,15.2,14,2,3,13.5
https://fbref.com/en/matches/c306cc96/Augsburg-Holstein-Kiel-May-4-2025-Bundesliga,Augsburg,Holstein Kiel,1,3,3.2,1.7,False,72%,28%,577,684,192,270,10,27,3,6,1,3,9,10,0,0,4,20,12,0,42,4,798,433,11,24,8,13,19,12,7,54,2,0,3,12,44,22,86,58,0,0,3.3,2.2,52,1,72,522,22,21,11,1,1,1.0,0.8,10,5,14,195,8,15,10,11028,3615,213,248,284,317,78,103,2.3,22,64,20,11,3564,1529,87,103,83,106,19,47,0.5,4,11,4,0,7,1,4,6,5,10,8,2,6,0,17,11,7,6,8,11,17,6,11,0,31,125,367,309,44,798,8,2398,1260,20,3,23,16,576,72,104,268,134,37,7,432,5,1123,476,4,2,16,6,191,13,19,12,12,19,4,3,1.9,3,7,29,4,31.0,3,24.7,3,0,1,15.7,10,1,3.0,4,11,22,6,30.2,12,43.8,34,1,0,13.5
https://fbref.com/en/matches/6509021f/Heidenheim-Werder-Bremen-May-17-2025-Bundesliga,Heidenheim,Werder Bremen,1,4,1.6,2.2,False,51%,49%,458,547,430,517,8,21,5,12,2,5,7,8,3,3,11,11,6,4,20,12,647,612,13,17,2,8,11,10,12,21,1,0,10,13,24,17,54,74,0,0,1.6,1.2,36,2,46,304,18,20,10,1,1,1.4,1.2,23,8,31,389,17,9,5,8310,2963,186,208,224,245,39,66,1.0,15,27,9,3,7496,2923,200,222,161,184,53,86,1.2,11,29,11,2,9,6,2,5,4,5,10,3,7,1,10,5,12,0,8,10,14,5,9,2,66,224,285,143,20,647,8,1727,821,11,3,13,9,454,46,75,221,263,134,26,611,4,1555,840,12,2,13,9,428,31,11,10,10,11,6,4,2.6,2,5,32,4,26.5,10,27.0,11,0,2,14.1,8,1,2.9,4,10,37,8,30.4,4,53.8,18,1,2,14.6
https://fbref.com/en/matches/44f5146c/St-Pauli-Bayer-Leverkusen-April-20-2025-Bundesliga,St. Pauli,Bayer Leverkusen,1,1,1.1,0.8,False,43%,57%,371,467,523,620,5,10,4,6,3,4,4,5,1,1,12,12,4,4,17,17,571,736,14,7,6,2,16,16,23,33,1,2,5,6,21,14,68,45,0,0,1.1,0.6,18,1,39,238,12,7,3,0,0,0.8,0.8,12,2,48,349,23,18,3,6528,2147,149,162,181,203,32,74,1.2,5,32,9,3,7919,2690,289,311,190,216,30,54,1.6,6,40,11,3,5,4,10,0,10,3,11,0,11,0,4,5,1,1,2,3,11,2,9,1,62,191,239,145,20,571,2,1438,765,8,4,13,5,366,38,71,196,382,161,23,736,10,1750,992,10,4,13,4,517,47,16,16,16,16,4,1,1.5,3,13,35,1,32.1,3,32.7,13,1,0,3.5,5,1,1.2,3,9,29,2,29.9,4,15.0,12,0,6,22.1
https://fbref.com/en/matches/3b329c8a/Hoffenheim-Eintracht-Frankfurt-January-26-2025-Bundesliga,Hoffenheim,Eintracht Frankfurt,2,2,2.4,2.4,False,51%,49%,397,510,412,496,8,24,6,11,5,6,6,8,3,3,16,8,9,3,48,10,618,619,10,15,7,8,11,5,12,53,2,0,6,12,26,10,65,53,0,0,2.4,2.1,41,3,44,268,19,17,7,1,1,1.6,1.5,20,4,36,358,18,6,5,6980,2855,176,201,162,201,45,82,2.1,16,40,15,7,6838,2635,210,227,171,193,27,55,1.8,8,23,8,0,7,5,2,3,1,5,14,1,13,0,9,10,5,0,9,7,9,5,4,1,52,153,262,209,38,618,9,1374,718,16,5,8,6,395,43,121,269,246,109,21,618,1,1696,775,17,2,13,9,407,36,11,5,5,11,7,2,3.1,3,4,22,7,27.8,6,21.5,8,1,0,9.3,8,2,1.8,5,15,44,6,29.0,5,40.0,40,2,1,12.0
https://fbref.com/en/matches/99708bc3/Heidenheim-Bochum-May-2-2025-Bundesliga,Heidenheim,Bochum,0,0,0.7,1.3,False,46%,54%,304,420,356,496,3,12,3,14,3,3,3,3,0,0,8,14,6,4,18,27,572,609,14,17,11,4,22,40,43,30,1,2,11,7,19,23,92,87,0,0,0.7,0.6,23,0,32,323,16,14,6,0,0,1.3,0.8,25,0,51,334,18,10,7,5974,2604,109,128,138,171,45,92,0.6,11,28,7,0,6795,2752,148,178,165,202,38,93,1.2,9,43,8,2,7,9,4,1,2,7,14,4,10,0,11,8,8,1,8,6,9,5,4,0,85,236,224,117,16,572,8,1724,822,11,4,25,9,301,32,48,166,245,205,30,609,2,1770,834,13,9,17,12,352,50,22,40,40,22,2,,0.3,3,6,22,5,27.9,7,37.6,8,1,,13.0,3,0,1.2,7,24,25,0,50.9,7,69.0,12,0,2,22.7
https://fbref.com/en/matches/86485b52/Freiburg-Mainz-05-November-3-2024-Bundesliga,Freiburg,Mainz 05,0,0,0.8,0.5,False,51%,49%,403,527,387,505,2,10,2,9,2,2,2,2,1,1,9,12,8,4,19,16,611,618,9,8,8,15,22,22,20,31,2,2,6,1,22,18,75,73,0,0,0.8,0.8,20,0,37,282,15,8,3,0,0,0.5,0.3,14,0,23,288,14,5,2,7765,2780,139,169,216,248,43,86,0.5,10,38,5,1,6742,2461,186,216,155,185,39,81,0.4,6,23,3,1,4,1,5,3,3,2,11,2,9,0,3,3,5,0,4,3,14,5,9,0,60,180,309,125,13,611,4,1821,926,7,8,7,4,389,36,76,267,263,90,10,618,3,1277,572,8,3,13,6,386,22,22,22,22,22,2,0,0.3,6,18,44,2,34.4,4,45.8,14,2,1,10.6,2,0,0.4,3,15,42,10,35.6,1,21.0,15,1,2,12.0
https://fbref.com/en/matches/daac3581/Hoffenheim-FCSB-December-12-2024-Europa-League,Hoffenheim,FCSB,0,0,0.9,0.6,False,68%,32%,602,720,224,338,3,14,4,8,4,4,3,3,4,4,17,18,4,2,29,8,823,467,20,17,11,13,15,17,10,28,0,1,3,8,25,24,67,62,0,0,0.9,0.8,27,0,47,422,19,10,5,0,0,0.6,0.6,15,0,9,209,7,16,4,10419,3503,245,273,302,344,42,72,1.0,12,47,11,4,3565,1588,119,147,68,85,21,64,0.6,6,6,5,1,9,9,9,2,12,4,15,1,14,0,13,10,5,2,5,5,15,3,12,0,42,203,477,150,20,823,5,2327,1211,14,1,15,12,602,47,71,219,172,80,12,467,12,984,364,6,1,17,8,218,9,15,17,17,15,4,0,0.7,3,10,38,4,27.8,3,28.7,6,0,2,22.4,3,0,0.9,4,20,25,6,37.8,8,56.4,25,3,0,10.3
https://fbref.com/en/matches/2359b29d/Stuttgart-Bayern-Munich-February-28-2025-Bundesliga,Stuttgart,Bayern Munich,1,3,0.9,2.2,False,53%,47%,423,516,386,458,3,12,8,17,5,8,2,3,5,5,12,13,4,6,19,9,621,598,18,18,9,7,8,19,14,31,2,2,7,8,19,14,72,48,0,0,0.9,0.8,24,2,38,364,12,19,6,0,0,2.2,1.5,28,2,35,339,16,20,11,7332,2748,186,213,176,191,39,75,1.6,11,35,18,5,6560,2300,181,199,168,183,31,56,0.8,12,26,8,0,11,5,9,4,8,11,12,4,8,3,12,4,14,0,11,6,11,4,7,1,67,199,277,149,29,621,11,1916,763,10,3,15,7,416,38,79,213,273,118,22,598,8,1681,788,12,6,18,10,382,35,8,19,19,8,8,3,2.5,12,21,44,4,38.0,2,20.0,8,0,2,15.7,3,1,0.4,8,20,36,1,37.6,4,56.0,14,1,0,3.0
https://fbref.com/en/matches/45215cba/Wolfsburg-Heidenheim-March-29-2025-Bundesliga,Wolfsburg,Heidenheim,0,1,1.3,1.3,False,61%,39%,501,625,287,403,2,11,3,10,3,3,2,2,2,2,8,10,4,5,20,15,725,510,9,16,10,11,21,19,20,27,1,1,8,15,24,23,74,85,0,0,1.3,1.3,22,0,52,483,26,13,3,1,1,0.6,0.5,19,2,33,203,11,18,8,9077,3343,215,245,231,263,47,83,1.7,10,52,14,4,5574,2613,123,151,115,141,40,85,0.9,9,26,9,4,6,7,2,0,7,8,7,1,6,0,9,8,7,1,7,3,13,2,11,0,74,217,327,185,29,725,7,2176,1116,17,1,12,9,493,52,72,197,180,142,20,509,7,1162,507,3,3,11,2,286,33,21,19,19,21,4,1,1.3,7,14,39,4,31.9,6,47.8,10,1,2,15.6,2,0,0.3,9,29,32,3,43.4,15,59.8,17,2,1,10.4
https://fbref.com/en/matches/109281c0/Werder-Bremen-Eintracht-Frankfurt-April-5-2025-Bundesliga,Werder Bremen,Eintracht Frankfurt,2,0,1.0,0.5,False,38%,62%,256,377,501,605,4,12,0,9,0,0,2,4,3,3,8,15,5,6,18,16,477,734,15,13,8,9,5,17,23,35,4,5,9,8,24,14,75,55,0,0,1.0,0.6,18,4,28,269,17,11,4,0,0,0.6,0.4,17,0,41,452,15,15,5,4833,2089,115,138,100,136,37,78,0.3,7,18,3,0,8222,2884,248,276,208,235,34,62,1.0,7,43,10,2,8,11,3,1,8,5,13,2,11,0,10,3,9,1,5,4,17,2,15,1,62,174,213,96,19,477,5,1443,660,9,6,15,8,254,28,64,200,399,145,19,734,8,2178,1032,10,2,20,7,498,41,5,17,17,5,0,0,0.0,5,15,27,2,40.8,4,51.3,14,1,0,10.0,4,2,1.5,9,16,24,2,35.8,7,42.4,12,2,0,9.5
https://fbref.com/en/matches/cff7de63/Mainz-05-Augsburg-February-8-2025-Bundesliga,Mainz 05,Augsburg,0,0,1.3,0.3,False,66%,34%,485,623,193,316,5,9,2,9,2,2,5,5,3,3,12,9,1,3,20,12,770,478,28,18,5,9,20,29,34,57,1,2,10,6,37,20,98,85,0,0,1.5,0.8,16,0,51,461,13,19,6,0,0,0.3,0.3,16,0,14,206,9,29,15,8919,2723,198,224,247,289,36,91,1.4,6,31,8,1,3587,1519,81,110,74,103,27,79,0.3,7,13,2,1,19,10,13,5,12,15,8,1,7,1,15,9,6,3,10,6,10,2,8,2,68,266,345,163,22,770,10,2255,1008,12,5,26,8,483,51,60,195,201,91,12,478,12,1031,383,9,5,25,16,192,14,20,29,29,20,2,0,0.6,6,27,41,6,39.5,9,42.3,9,1,1,13.6,5,0,1.8,4,23,30,2,43.6,6,56.0,11,1,1,15.0
https://fbref.com/en/matches/9cc7f833/Holstein-Kiel-Werder-Bremen-March-29-2025-Bundesliga,Holstein Kiel,Werder Bremen,0,3,0.5,1.8,False,55%,45%,417,524,312,429,0,11,7,14,4,7,0,0,4,4,13,8,3,4,17,21,642,535,7,19,8,3,4,18,24,24,4,4,13,8,28,23,69,70,0,0,0.5,0.3,15,0,38,405,11,10,0,0,0,1.8,1.5,25,4,34,252,12,10,5,7472,2700,164,181,200,234,40,80,0.7,6,22,3,1,5886,2758,125,159,138,168,42,78,1.3,10,23,13,5,4,2,3,2,4,5,11,3,8,1,12,7,10,2,10,0,14,5,9,1,82,218,326,103,15,642,10,1690,770,8,2,19,9,414,37,75,199,229,112,23,535,4,1161,511,10,4,15,3,306,34,4,18,18,4,7,3,1.7,2,7,34,5,28.1,13,20.3,19,0,1,12.3,0,0,0.0,9,15,40,8,35.0,2,50.5,13,2,0,6.7
https://fbref.com/en/matches/2a1c7c5d/Freiburg-RB-Leipzig-March-8-2025-Bundesliga,Freiburg,RB Leipzig,0,0,0.5,1.5,False,53%,47%,409,520,370,467,2,10,3,18,3,3,2,2,0,0,6,11,2,6,10,17,626,588,14,22,9,9,18,18,16,27,3,3,7,5,18,18,68,52,0,0,0.5,0.4,17,0,34,237,14,17,4,0,0,1.5,1.5,33,0,34,307,14,10,5,7370,2495,179,211,190,213,32,67,0.6,8,31,4,1,6417,2712,177,214,139,158,40,56,1.8,17,22,11,2,12,8,6,0,5,5,19,6,13,1,14,7,11,4,12,4,12,4,8,0,50,183,350,96,18,626,12,1581,789,9,2,11,10,392,34,50,184,275,132,25,588,5,1288,634,14,3,14,9,367,33,18,18,18,18,3,0,1.1,8,19,31,3,36.3,6,62.2,15,1,0,8.5,2,0,0.5,6,7,21,9,26.4,5,62.2,6,0,1,28.0
https://fbref.com/en/matches/b18bceea/St-Pauli-Augsburg-February-1-2025-Bundesliga,St. Pauli,Augsburg,1,1,0.8,0.3,False,45%,55%,347,461,467,564,1,6,1,2,0,1,1,1,1,1,16,18,3,1,19,12,568,674,21,7,8,11,13,14,24,24,3,1,2,5,19,25,63,51,0,0,0.8,0.4,9,0,32,343,14,7,0,0,0,0.3,0.3,4,2,39,461,10,18,5,5590,2228,176,201,122,150,26,56,0.9,4,21,7,1,8483,2520,184,214,233,262,44,63,0.8,2,30,5,3,16,11,9,1,10,5,10,0,10,0,4,2,3,2,3,0,15,3,12,0,49,206,248,118,23,568,3,1455,589,11,2,16,4,341,31,49,167,398,112,10,674,10,2033,914,12,1,16,11,462,39,13,14,14,13,1,1,0.7,7,16,40,1,30.7,1,59.0,7,1,0,10.0,1,1,0.4,5,6,30,2,23.9,2,30.5,11,1,2,18.0
https://fbref.com/en/matches/abc689ba/RB-Leipzig-Dortmund-March-15-2025-Bundesliga,RB Leipzig,Dortmund,2,0,1.8,3.0,False,34%,66%,222,334,532,662,5,15,9,25,9,9,3,5,3,3,14,10,3,12,14,38,499,792,19,11,11,7,17,13,53,23,3,1,11,4,11,27,69,75,0,0,1.9,1.7,25,3,25,154,6,12,8,0,0,3.1,2.7,46,0,79,441,18,23,12,4251,2136,101,130,88,124,29,65,1.7,11,22,9,2,8802,3219,259,294,209,236,44,85,3.8,19,46,21,6,12,12,4,3,7,12,24,7,17,2,6,3,6,2,2,8,13,5,8,0,105,205,181,117,34,499,2,864,465,6,3,20,9,221,24,58,180,353,262,54,792,7,2010,992,13,13,18,12,528,79,17,13,13,17,9,0,2.6,6,19,25,6,43.0,11,42.6,26,1,2,11.6,5,2,1.9,0,2,30,3,21.8,2,21.5,10,0,5,20.5
https://fbref.com/en/matches/51b3b077/Wolfsburg-St-Pauli-March-8-2025-Bundesliga,Wolfsburg,St. Pauli,1,1,2.0,1.5,False,57%,43%,433,528,287,391,3,15,4,14,3,4,3,3,1,1,11,13,6,6,19,17,634,492,7,15,8,7,19,15,15,26,3,3,9,11,18,20,98,62,1,1,1.2,1.1,29,2,53,334,16,20,9,0,0,1.6,1.4,23,1,35,230,11,10,6,9139,3228,144,163,213,239,74,111,1.6,13,46,6,1,5264,2146,120,145,118,136,38,78,0.8,10,28,5,2,5,6,1,0,4,6,12,4,8,1,10,10,3,2,11,9,11,3,8,0,62,200,283,155,25,633,11,1650,688,7,4,25,4,428,52,59,180,208,109,20,492,4,1136,611,3,4,13,3,280,34,19,15,15,19,4,1,1.1,9,20,32,4,38.9,6,53.8,14,2,2,15.8,4,1,1.4,3,13,33,3,31.5,8,39.6,16,0,0,
https://fbref.com/en/matches/3a843132/Bayer-Leverkusen-Red-Bull-Salzburg-November-26-2024-Champions-League,Bayer Leverkusen,Red Bull Salzburg,5,0,4.3,0.3,False,62%,38%,654,738,376,452,12,28,2,7,2,2,8,12,1,1,11,11,6,3,13,12,860,579,23,22,8,13,10,9,13,16,1,1,3,10,11,14,43,49,1,1,3.8,3.3,43,8,60,681,31,20,7,0,0,0.3,0.3,13,0,22,392,15,19,8,11215,3485,296,327,300,328,50,66,2.1,20,64,15,3,6487,2120,157,175,172,188,29,58,0.1,6,12,1,0,14,5,14,4,10,8,10,2,8,0,11,17,5,0,12,7,16,7,9,2,55,144,463,259,45,859,12,3642,1513,22,10,15,10,650,59,102,264,233,87,12,579,10,2380,1085,13,6,18,13,374,22,10,9,9,10,2,0,0.1,3,4,26,6,25.2,2,20.0,10,1,0,4.0,13,5,3.3,2,11,28,3,35.1,10,28.1,12,1,0,7.3
https://fbref.com/en/matches/319e48db/Mainz-05-Bochum-January-11-2025-Bundesliga,Mainz 05,Bochum,2,0,1.9,0.6,False,58%,42%,426,575,270,417,5,10,2,11,2,2,3,5,0,0,6,16,5,6,19,20,709,540,13,19,9,13,28,23,28,27,5,1,5,8,18,18,92,74,0,0,1.9,1.9,19,4,52,320,9,19,4,0,0,0.6,0.5,20,0,31,190,12,7,1,7724,2951,181,208,195,247,45,85,1.8,9,35,15,4,5025,2239,107,153,127,168,33,72,1.0,8,26,6,1,10,6,3,4,4,1,19,4,15,0,10,12,6,1,10,4,20,1,19,1,72,270,311,136,24,709,10,1488,770,7,2,25,9,422,52,69,207,239,101,29,540,4,967,517,2,2,16,9,262,30,28,23,23,28,2,0,0.4,2,15,41,5,36.2,1,72.0,13,1,0,11.8,5,2,2.7,4,16,33,5,32.7,6,54.7,14,1,4,19.1
https://fbref.com/en/matches/258afd12/Hoffenheim-Lyon-November-7-2024-Europa-League,Hoffenheim,Lyon,2,2,1.4,0.9,False,44%,56%,320,424,418,529,11,18,3,11,1,3,9,11,2,2,13,12,8,8,26,22,559,650,18,18,3,9,15,13,34,22,4,0,7,5,22,12,57,68,0,0,1.4,1.1,30,3,35,272,13,21,9,0,0,1.0,0.8,18,2,37,391,22,32,16,5510,2395,150,174,130,159,30,68,1.0,13,36,11,5,7556,2688,180,208,187,223,45,83,0.8,8,39,6,3,8,9,8,1,14,16,9,4,5,1,11,9,6,3,10,9,10,5,5,1,70,177,251,135,24,559,10,1335,614,12,3,13,8,314,35,71,203,319,137,24,650,14,1946,1022,9,6,15,4,414,37,15,13,13,15,3,2,1.1,6,21,32,5,38.5,3,50.3,15,0,0,5.0,11,2,2.1,4,14,37,5,32.9,4,41.3,21,0,2,27.0
https://fbref.com/en/matches/5b484005/Holstein-Kiel-RB-Leipzig-December-7-2024-Bundesliga,Holstein Kiel,RB Leipzig,0,2,1.2,1.6,False,56%,44%,409,534,326,424,5,17,4,8,3,4,5,5,4,4,11,13,6,1,21,7,636,546,16,14,3,9,18,15,13,29,2,2,1,12,26,18,65,63,0,0,1.2,0.8,30,0,48,352,18,11,6,1,1,0.8,0.6,16,3,25,309,10,14,6,7528,2638,153,186,219,253,34,72,1.1,10,33,10,5,5943,2504,140,165,155,185,27,55,1.0,6,17,5,2,14,6,6,4,8,6,10,3,7,0,11,8,4,2,3,6,14,6,8,2,40,189,314,140,30,636,3,1814,912,10,6,22,11,406,47,75,222,251,78,14,545,8,1321,695,6,5,16,8,326,25,18,15,15,18,5,2,1.6,1,7,21,1,30.7,1,23.0,4,0,1,15.2,5,0,1.1,4,14,23,4,30.8,12,42.1,19,0,0,9.0
https://fbref.com/en/matches/cd173a0a/RB-Leipzig-Bochum-August-24-2024-Bundesliga,RB Leipzig,Bochum,1,0,1.3,1.0,False,62%,38%,440,554,233,335,3,13,3,10,3,3,2,3,2,2,9,16,9,3,22,11,643,456,14,17,11,6,18,14,10,25,3,2,4,11,21,19,56,77,0,0,1.3,1.3,25,1,45,303,20,22,10,0,0,1.1,0.4,14,0,24,220,7,11,1,8007,3111,172,212,211,241,46,70,1.3,12,32,13,2,4877,2181,72,93,129,150,29,76,0.4,6,27,2,0,9,5,9,0,9,1,13,7,6,1,11,6,10,1,6,10,19,5,14,1,51,205,336,111,29,643,6,1801,843,7,4,15,11,438,45,68,154,208,97,9,456,9,940,453,7,1,16,5,231,24,18,14,14,18,3,0,0.9,2,5,29,3,28.5,3,33.7,7,1,0,13.5,3,1,0.5,12,27,27,2,43.4,11,55.5,19,1,0,5.0
https://fbref.com/en/matches/20ecf347/Freiburg-Hoffenheim-April-19-2025-Bundesliga,Freiburg,Hoffenheim,3,2,1.3,1.5,False,40%,60%,270,362,448,549,6,12,6,19,4,6,3,6,3,3,14,13,2,6,10,22,470,656,9,10,7,5,17,18,27,20,1,0,9,4,19,23,72,74,0,0,1.3,1.0,22,6,19,190,12,11,7,0,0,1.7,1.0,34,4,35,370,11,12,7,5187,2108,117,140,110,136,40,74,1.0,7,24,6,1,8378,2808,179,207,231,263,38,73,1.2,12,47,10,1,6,4,3,2,3,7,14,5,9,1,6,3,4,3,4,7,7,3,4,1,60,166,196,110,20,470,4,1089,484,5,3,15,6,268,18,53,178,297,184,28,656,3,1480,659,6,1,21,6,443,35,17,18,18,17,6,2,1.5,8,22,21,0,45.8,9,73.0,14,0,1,10.3,6,3,2.0,4,13,33,4,33.5,3,45.0,9,0,0,9.0
https://fbref.com/en/matches/90ff09ad/Bochum-Augsburg-April-12-2025-Bundesliga,Bochum,Augsburg,1,2,2.8,1.1,False,53%,47%,362,477,325,426,9,25,4,12,2,4,8,9,2,2,14,9,7,6,29,16,610,558,18,14,5,7,25,20,31,39,3,1,4,16,18,20,84,57,0,0,2.8,2.1,47,2,36,307,15,15,6,0,0,1.1,0.8,21,3,44,298,15,15,6,6810,2468,157,182,146,175,50,89,2.4,21,35,10,6,5705,2275,142,161,138,168,34,67,0.8,8,14,8,2,11,8,7,3,9,6,16,5,11,2,9,5,6,3,9,6,8,5,3,0,59,181,246,190,36,610,9,1359,704,13,3,13,5,361,36,72,187,232,146,18,558,9,1179,626,14,2,19,9,320,42,25,20,20,25,4,2,1.0,6,15,22,0,40.5,4,56.3,14,1,0,7.3,9,1,1.7,7,19,25,1,32.9,12,51.4,20,0,2,20.0
https://fbref.com/en/matches/d30588ac/Heidenheim-St-Gallen-December-19-2024-Conference-League,Heidenheim,St. Gallen,1,1,1.7,0.7,False,61%,39%,460,563,277,363,4,20,2,7,1,2,3,4,2,2,9,17,9,6,30,23,701,493,23,15,12,11,11,17,23,42,3,0,6,11,29,22,63,56,0,0,1.8,1.2,36,2,44,323,18,23,13,0,0,0.7,0.6,11,2,27,244,12,14,7,8761,3032,152,174,256,285,46,75,0.7,14,31,9,4,4799,2175,134,144,104,132,30,56,0.9,6,27,7,5,16,13,7,3,7,7,15,1,14,0,9,8,5,2,10,13,21,7,14,0,59,234,276,199,32,701,10,1801,992,8,4,15,5,456,44,83,211,175,112,17,493,7,1390,700,8,4,11,16,276,27,11,17,17,11,2,1,0.4,3,4,40,6,24.4,6,30.0,16,2,2,13.8,4,1,1.4,3,8,24,4,29.1,10,13.0,24,1,3,19.9
https://fbref.com/en/matches/58168f30/Werder-Bremen-St-Pauli-April-27-2025-Bundesliga,Werder Bremen,St. Pauli,0,0,1.1,0.6,False,51%,49%,414,511,402,495,2,11,4,10,4,4,2,2,2,2,9,16,1,3,15,11,618,616,9,9,5,6,21,17,27,34,3,1,10,9,10,16,52,68,0,0,1.2,1.1,21,0,36,368,15,16,8,0,0,0.6,0.6,17,0,30,269,8,12,6,7082,2630,162,184,195,227,33,61,0.9,9,29,2,0,7121,2600,175,193,189,212,32,69,0.8,9,24,9,1,5,4,4,1,5,6,11,4,7,2,6,6,3,0,6,8,15,5,10,1,68,208,297,114,21,618,6,1965,1022,8,4,19,3,410,35,70,213,291,117,22,616,5,1361,718,8,2,18,4,400,30,21,17,17,21,4,0,1.3,3,10,37,6,31.0,1,14.0,7,2,4,18.4,2,0,0.7,8,24,44,2,36.9,6,58.7,11,1,1,11.7
https://fbref.com/en/matches/72461171/Augsburg-Mainz-05-September-20-2024-Bundesliga,Augsburg,Mainz 05,2,3,2.4,1.0,False,73%,27%,506,627,136,231,7,29,3,5,0,3,5,7,4,4,7,12,14,1,48,6,721,362,9,9,8,4,17,18,7,54,1,2,4,17,32,14,85,65,0,0,2.5,1.9,54,4,60,351,22,11,5,0,0,1.1,0.9,9,5,12,104,3,6,3,9328,2924,195,218,235,267,61,104,3.6,21,50,17,5,2739,1348,55,75,54,72,21,59,0.4,4,7,3,2,4,3,4,2,3,3,8,0,8,0,6,5,4,0,6,5,20,10,10,0,29,97,316,313,52,721,6,2005,1004,17,5,13,3,501,58,116,198,105,60,6,362,3,528,219,3,0,11,6,133,12,17,18,18,17,3,3,1.8,3,9,21,5,30.1,4,47.3,4,0,2,19.7,7,2,2.6,9,28,28,7,46.7,17,53.4,41,3,2,11.4
https://fbref.com/en/matches/a51846c1/Holstein-Kiel-Heidenheim-November-2-2024-Bundesliga,Holstein Kiel,Heidenheim,1,0,1.1,1.2,False,45%,55%,253,364,348,452,6,11,4,17,4,4,5,6,4,4,16,14,5,6,17,22,495,581,15,16,9,11,20,20,31,26,1,0,8,6,16,35,83,78,0,0,1.1,0.9,18,2,21,184,18,18,7,0,0,1.3,1.0,32,0,39,327,16,20,8,4844,2043,102,126,120,149,28,73,0.9,9,17,5,1,6931,2648,120,149,181,211,45,80,1.7,13,34,13,7,11,7,6,2,10,8,13,3,10,0,7,8,5,3,10,7,10,1,9,0,75,181,213,111,21,495,10,1303,710,16,5,14,6,251,21,63,181,268,139,29,581,10,1849,972,15,1,19,5,342,37,20,20,20,20,4,0,0.9,6,25,28,1,43.4,7,56.9,21,0,1,16.3,6,1,1.1,1,5,22,6,31.0,6,26.7,12,1,0,12.5
https://fbref.com/en/matches/da418224/Eintracht-Frankfurt-Union-Berlin-March-9-2025-Bundesliga,Eintracht Frankfurt,Union Berlin,1,2,1.8,0.9,False,66%,34%,538,642,216,329,2,13,3,11,1,3,1,2,3,3,10,8,1,5,12,8,754,429,11,6,4,9,16,22,22,22,2,5,9,8,17,22,64,91,0,1,1.2,0.7,24,1,54,374,15,11,8,0,0,0.9,0.7,17,3,25,194,5,8,2,8697,2963,261,287,226,254,33,70,1.4,9,28,13,3,4479,2273,86,106,85,117,39,81,0.7,9,21,3,1,7,5,6,0,5,2,10,2,8,1,0,2,2,2,3,8,14,8,6,0,64,240,379,139,24,753,3,2239,1078,15,2,22,3,535,54,57,145,193,92,19,429,5,823,302,5,1,16,6,214,24,16,22,22,16,3,2,1.5,1,14,31,6,32.5,9,39.9,7,0,0,12.7,3,1,1.5,5,17,26,6,35.2,8,62.5,10,0,1,18.0
https://fbref.com/en/matches/8600012e/Monchengladbach-Wolfsburg-May-17-2025-Bundesliga,Mönchengladbach,Wolfsburg,0,1,1.0,1.7,False,59%,41%,492,593,312,411,3,16,6,17,5,6,3,3,0,0,6,4,7,10,27,21,712,536,16,13,10,13,9,9,30,33,5,0,13,11,16,11,60,58,0,0,1.0,0.8,32,0,54,359,30,10,4,0,0,1.7,1.5,31,2,34,302,26,14,5,8062,2942,234,251,205,233,40,69,1.1,12,37,14,4,5660,2364,146,178,130,154,31,62,1.1,14,25,9,1,10,11,5,0,9,5,10,3,7,2,5,5,6,2,6,4,15,2,13,0,78,233,308,176,30,712,6,2018,1242,17,6,11,7,489,53,72,173,208,164,22,536,9,1723,952,18,5,14,7,310,34,9,9,9,9,6,1,1.7,3,6,28,8,26.0,7,19.3,18,1,0,8.8,3,0,0.3,10,18,22,2,34.7,10,61.7,18,3,0,7.0
https://fbref.com/en/matches/606b4f3d/Hoffenheim-Wolfsburg-January-11-2025-Bundesliga,Hoffenheim,Wolfsburg,0,1,0.9,0.7,False,55%,45%,388,513,311,425,2,15,3,12,2,3,2,2,1,1,15,14,4,8,23,17,628,588,18,17,6,11,22,30,23,53,3,2,4,6,30,21,68,77,0,0,1.0,0.3,28,0,40,246,12,11,9,0,0,0.8,0.6,21,2,29,308,12,20,8,6442,2389,181,208,162,204,30,71,0.9,7,25,9,4,5998,2633,133,172,126,151,45,77,0.7,9,27,4,1,9,12,4,2,12,8,10,3,7,0,11,5,8,4,2,9,14,9,5,0,65,221,277,137,24,628,2,1128,653,10,2,10,15,384,40,75,180,278,137,25,588,12,1213,494,9,4,21,6,310,29,22,30,30,22,3,1,0.9,3,14,31,2,37.5,2,45.0,16,0,0,13.0,2,0,0.4,11,22,35,1,41.9,2,64.5,18,0,0,10.0
https://fbref.com/en/matches/451156e0/Bochum-Dortmund-February-15-2025-Bundesliga,Bochum,Dortmund,2,0,2.7,2.6,False,31%,69%,239,334,610,728,9,18,2,17,2,2,6,9,1,1,12,4,2,8,11,34,501,852,22,14,10,3,18,11,55,14,1,1,14,7,19,21,81,67,0,0,2.8,0.8,28,1,31,198,13,17,7,0,0,2.6,1.4,31,0,75,539,37,27,12,4856,2257,99,116,99,119,37,79,0.6,11,21,5,0,10426,3954,304,330,248,282,52,85,1.7,12,66,17,6,14,11,11,0,10,12,19,8,11,1,9,4,4,6,10,7,10,3,7,2,96,210,215,83,19,501,10,945,530,10,6,13,4,239,31,47,202,422,233,39,852,10,2748,1344,14,9,15,12,608,75,18,11,11,18,2,0,0.7,13,33,27,2,48.9,14,61.0,29,2,2,13.2,9,2,3.5,2,3,19,6,25.7,7,30.6,10,1,1,15.3
https://fbref.com/en/matches/326bf78c/Bayer-Leverkusen-St-Pauli-December-7-2024-Bundesliga,Bayer Leverkusen,St. Pauli,2,1,0.9,1.8,False,62%,38%,610,697,336,429,2,6,4,12,3,4,0,2,1,1,8,10,7,4,9,17,786,521,10,22,6,9,13,8,19,17,3,2,14,4,17,22,58,55,0,0,0.9,0.8,11,4,50,362,12,14,6,0,0,1.8,1.4,22,2,34,214,16,14,7,10202,3322,293,314,274,299,34,64,1.3,5,33,9,0,5968,2010,151,175,154,177,28,59,1.7,10,25,5,3,5,6,4,0,7,7,11,2,9,1,10,11,9,2,8,6,8,2,6,1,66,206,424,162,20,786,8,1924,950,14,4,13,14,606,50,60,200,207,120,15,521,7,1383,751,8,4,9,3,334,34,13,8,8,13,4,1,1.3,7,16,34,5,28.1,8,47.9,12,1,0,10.5,2,2,0.9,3,10,30,3,30.6,2,39.0,6,1,3,15.6
https://fbref.com/en/matches/7c5c2955/Bayern-Munich-Dinamo-Zagreb-September-17-2024-Champions-League,Bayern Munich,Dinamo Zagreb,9,2,5.9,0.7,False,70%,30%,726,808,273,349,16,26,3,4,1,3,10,16,0,0,8,6,12,0,22,3,908,456,10,17,10,13,12,7,3,33,5,0,2,5,11,8,29,47,3,3,4.0,3.1,54,16,78,617,38,23,11,0,0,0.7,0.7,8,4,14,255,13,9,7,10580,3676,426,451,234,254,42,52,3.1,21,59,22,3,4569,1658,126,151,119,133,20,50,0.7,4,10,1,1,6,5,3,2,2,7,7,0,7,0,12,15,1,1,12,11,19,6,13,0,31,129,482,305,56,905,12,2854,1505,18,10,13,5,721,78,124,277,145,38,5,456,2,1261,572,7,3,13,8,273,14,12,7,7,12,,,0.0,3,3,22,3,24.4,2,14.5,2,,3,34.0,19,9,8.1,4,16,39,5,33.6,0,,14,0,0,5.6
https://fbref.com/en/matches/f4b1b7e1/Freiburg-Bayern-Munich-January-25-2025-Bundesliga,Freiburg,Bayern Munich,1,2,0.3,1.0,False,35%,65%,292,370,596,674,2,7,3,7,1,3,1,2,4,4,15,9,2,4,16,16,482,785,14,18,16,8,15,8,25,13,0,1,5,4,18,13,68,65,0,0,0.4,0.4,14,2,28,255,5,19,5,0,0,1.0,0.3,13,4,40,447,21,25,14,5819,1974,104,121,156,180,32,60,0.6,7,29,4,1,10585,3208,278,299,264,284,50,80,0.7,6,52,6,0,5,6,5,3,9,14,9,1,8,1,12,10,5,3,13,5,13,3,10,0,77,213,171,104,15,482,13,1342,584,7,1,9,5,285,28,47,241,384,168,19,785,9,2148,1100,24,8,19,5,588,40,15,8,8,15,3,2,1.2,5,13,33,5,32.6,3,55.3,13,1,0,3.5,2,1,1.0,3,10,30,2,29.5,2,69.5,11,0,0,7.7
https://fbref.com/en/matches/f247334b/Bayer-Leverkusen-Wolfsburg-September-22-2024-Bundesliga,Bayer Leverkusen,Wolfsburg,4,3,1.9,0.7,False,78%,22%,740,831,161,238,7,20,4,9,2,4,3,7,4,4,6,14,6,2,25,6,939,353,15,12,9,13,10,12,11,30,4,1,5,11,25,26,44,72,0,0,1.9,1.7,38,7,73,467,16,27,17,0,0,0.7,0.6,15,4,18,140,4,12,5,11395,3598,396,428,293,320,35,54,2.4,18,69,12,2,3282,1211,58,68,71,90,28,68,0.5,6,15,4,3,13,5,6,4,7,5,5,0,5,3,7,7,3,2,9,17,13,6,7,0,41,166,427,350,36,939,9,2378,1293,20,8,21,3,736,73,66,160,141,56,6,353,7,601,256,10,2,15,8,156,18,10,12,12,10,4,3,0.8,1,3,20,4,23.1,3,39.3,6,0,4,27.8,7,4,3.1,5,31,26,3,50.2,10,72.8,20,0,0,12.5
https://fbref.com/en/matches/8d956d1f/Holstein-Kiel-Augsburg-December-21-2024-Bundesliga,Holstein Kiel,Augsburg,5,1,1.7,1.5,False,37%,63%,225,320,442,544,6,8,4,17,3,4,1,6,0,0,11,13,3,8,10,31,432,637,15,7,9,4,11,19,35,15,2,1,12,4,10,33,74,57,0,0,1.7,1.2,14,8,21,198,8,11,7,0,0,1.6,1.2,29,2,46,366,15,22,13,4711,2042,81,101,101,125,41,81,2.0,5,19,6,1,8062,2698,165,178,233,275,39,68,1.6,13,36,9,2,11,4,8,3,7,13,15,7,8,0,3,2,5,0,3,7,3,1,2,2,64,168,186,85,13,432,3,1006,465,8,1,13,4,222,21,49,176,311,156,26,637,7,1955,934,9,5,20,8,436,43,11,19,19,11,4,1,1.2,12,26,24,3,41.5,12,65.0,20,1,1,10.0,6,5,3.0,2,4,25,3,29.0,3,19.0,8,0,1,16.0
https://fbref.com/en/matches/6ed0551d/Union-Berlin-Monchengladbach-February-15-2025-Bundesliga,Union Berlin,Mönchengladbach,1,2,2.0,2.1,False,52%,48%,429,531,408,498,2,17,5,9,3,5,2,2,0,0,9,8,4,5,25,13,640,628,10,15,10,10,18,20,24,44,4,0,5,12,26,17,64,64,1,1,1.2,1.1,32,2,53,378,16,15,7,0,0,2.1,2.0,15,4,36,387,19,12,8,7606,2610,188,204,189,217,47,81,2.0,15,40,8,4,7310,2226,189,204,181,211,35,68,1.4,7,18,11,3,7,2,5,3,4,8,11,1,10,0,11,12,2,1,7,7,16,6,10,0,43,130,327,191,28,639,7,1873,938,12,6,11,8,427,53,89,262,279,88,18,628,4,2162,1091,8,3,12,6,406,36,18,20,20,18,5,2,2.4,0,3,23,2,22.3,4,26.5,11,1,4,20.6,1,,0.2,,,7,1,20.6,1,24.0,2,,,
https://fbref.com/en/matches/58ac698f/Werder-Bremen-Holstein-Kiel-November-9-2024-Bundesliga,Werder Bremen,Holstein Kiel,2,1,1.7,0.7,False,60%,40%,473,583,285,394,5,16,5,12,4,5,3,5,3,3,10,19,6,3,24,5,686,499,11,10,13,13,19,22,12,33,0,2,2,12,20,24,70,77,0,0,1.7,1.4,28,2,49,430,17,10,3,0,0,0.7,0.6,20,1,22,183,7,10,4,8251,2763,195,218,207,242,46,84,2.0,11,39,10,4,5358,2101,112,137,143,174,30,67,0.7,11,13,3,2,7,3,8,0,4,4,12,4,8,1,10,4,5,1,5,3,9,4,5,2,47,168,362,160,23,686,5,2190,1037,11,4,15,5,468,48,80,233,213,54,16,499,4,850,386,3,4,8,7,284,22,19,22,22,19,5,1,0.8,2,11,38,5,30.2,2,30.0,5,0,2,19.7,5,2,1.7,3,18,25,4,37.6,10,49.7,20,3,0,9.8
https://fbref.com/en/matches/90526971/Union-Berlin-Eintracht-Frankfurt-October-27-2024-Bundesliga,Union Berlin,Eintracht Frankfurt,1,1,1.4,1.5,False,48%,52%,358,498,405,531,4,13,5,17,4,5,3,4,5,5,13,7,4,5,21,10,614,662,19,15,16,13,13,19,13,23,4,1,3,14,17,28,84,101,0,0,1.5,1.2,21,2,41,280,16,17,8,0,0,1.8,0.6,28,1,16,301,15,16,4,6281,2394,178,205,141,194,37,80,1.2,8,32,7,3,6772,2270,177,205,180,207,33,94,0.4,11,16,3,0,10,8,9,2,12,4,10,5,5,0,6,9,5,1,9,8,11,2,9,1,41,179,309,132,16,614,9,1607,812,8,1,14,6,356,41,77,266,306,92,14,662,12,1509,779,8,2,20,7,403,16,13,19,19,13,5,1,1.7,1,6,36,8,26.2,2,33.5,8,0,1,16.7,4,1,1.4,4,21,37,1,36.5,11,39.8,17,1,0,7.5
https://fbref.com/en/matches/dc3aa7be/Mainz-05-Bayern-Munich-December-14-2024-Bundesliga,Mainz 05,Bayern Munich,2,1,1.0,1.4,False,32%,68%,226,329,573,693,4,8,1,13,0,1,2,4,3,3,21,12,3,2,11,21,471,813,12,17,29,6,10,11,32,22,3,0,6,8,21,22,55,58,0,0,1.1,0.6,12,3,23,224,13,16,9,0,0,1.4,0.8,23,1,42,350,16,17,9,3808,1512,104,128,89,118,21,55,1.1,5,13,5,2,9782,2816,258,289,269,305,38,73,1.3,9,52,11,3,5,5,4,3,5,9,16,6,10,1,10,9,7,1,7,9,9,0,9,1,62,165,192,117,19,471,7,1083,414,7,7,20,10,224,22,72,235,393,187,20,813,5,1906,920,13,1,22,7,564,42,10,11,11,10,1,1,1.0,4,13,20,2,44.9,2,11.5,17,2,0,5.0,4,2,1.3,2,15,46,3,31.6,5,33.2,10,0,3,24.3
https://fbref.com/en/matches/96a2ca0c/Freiburg-Bayer-Leverkusen-May-4-2025-Bundesliga,Freiburg,Bayer Leverkusen,2,2,0.9,0.3,False,33%,67%,220,331,562,668,3,7,2,5,0,2,2,3,1,1,10,16,4,1,10,16,444,766,17,15,13,10,12,21,19,26,2,0,7,5,21,17,74,50,0,0,0.9,0.8,11,2,18,237,8,9,1,0,0,0.3,0.3,10,4,42,390,15,15,7,3871,1471,107,130,90,112,21,72,1.1,4,18,6,0,8648,3039,297,327,211,243,36,61,0.8,5,43,8,2,11,8,7,2,8,7,15,3,12,0,8,4,10,1,6,1,6,2,4,2,45,145,191,109,17,444,6,1207,567,5,3,13,9,216,17,59,214,406,148,9,766,8,1664,1016,11,1,13,9,560,42,12,21,21,12,2,2,0.3,7,31,29,1,51.1,7,54.3,12,0,2,21.3,3,2,0.3,0,1,21,4,20.4,2,10.0,9,0,0,
https://fbref.com/en/matches/d72309cf/Wolfsburg-Stuttgart-September-28-2024-Bundesliga,Wolfsburg,Stuttgart,2,2,1.1,1.8,False,31%,69%,177,282,515,622,2,5,3,17,1,3,0,2,5,5,20,10,1,3,5,12,393,719,14,7,8,11,16,15,15,14,2,3,9,3,24,27,68,65,0,0,1.1,1.1,9,3,16,135,6,11,6,0,1,1.0,0.7,32,3,48,294,7,15,10,3397,1552,74,103,71,102,26,59,0.8,5,15,2,1,9364,3268,224,260,240,261,48,77,0.9,12,47,8,2,7,6,8,0,4,10,20,8,12,1,2,3,2,2,5,6,6,1,5,0,50,157,169,69,13,393,5,661,254,4,4,21,2,174,16,52,226,285,210,19,718,4,1274,539,9,3,13,10,505,48,16,15,15,16,4,2,1.9,8,20,26,0,44.0,7,53.1,9,0,0,4.0,2,2,1.5,7,16,41,2,34.1,2,32.0,3,0,0,
https://fbref.com/en/matches/967de8db/Augsburg-Werder-Bremen-August-24-2024-Bundesliga,Augsburg,Werder Bremen,2,2,1.0,1.4,False,46%,54%,336,424,419,505,3,11,5,11,3,5,1,3,3,3,11,10,4,2,19,16,515,597,10,15,6,9,9,13,17,17,1,2,10,10,16,16,54,84,0,0,1.0,0.9,20,4,34,288,9,15,8,0,0,1.4,1.4,22,4,47,353,17,8,4,5969,2518,145,159,146,172,32,62,0.9,9,26,4,2,8304,3043,178,198,151,178,80,102,1.2,10,33,15,6,5,3,3,4,4,4,11,3,8,0,9,11,4,0,7,8,10,2,8,0,59,138,230,153,16,515,7,1247,647,16,1,15,8,335,34,62,207,272,119,26,597,4,2072,1049,12,4,15,6,419,47,9,13,13,9,5,2,0.8,5,13,30,7,33.6,4,59.8,14,0,1,11.0,3,2,1.5,3,8,30,9,32.1,10,32.9,15,1,1,15.3
https://fbref.com/en/matches/fc665c18/Heidenheim-Hoffenheim-October-27-2024-Bundesliga,Heidenheim,Hoffenheim,0,0,1.5,0.7,False,47%,53%,322,433,380,484,3,17,4,12,4,4,3,3,1,1,12,16,7,3,18,15,563,612,23,23,4,10,10,11,16,22,0,0,7,14,25,21,75,62,0,0,1.8,1.2,26,0,29,338,17,22,14,0,0,0.7,0.5,19,0,44,334,15,18,8,6093,2718,122,147,143,178,45,82,0.5,10,27,5,1,6446,2944,182,204,147,180,37,66,0.5,8,35,7,1,10,12,11,0,10,8,22,5,17,0,13,7,11,5,8,14,12,2,10,1,62,229,238,102,19,563,8,2030,930,11,3,18,15,319,29,70,184,258,176,14,612,10,1465,779,12,2,16,13,375,44,10,11,11,10,4,0,0.8,5,9,34,10,30.4,7,19.9,9,1,1,14.5,3,0,1.1,9,21,35,4,36.3,10,55.2,14,0,2,18.3
https://fbref.com/en/matches/7aff3a58/Stuttgart-Heidenheim-April-25-2025-Bundesliga,Stuttgart,Heidenheim,0,1,1.8,0.3,False,69%,31%,665,755,246,340,3,19,2,6,1,2,3,3,0,0,14,16,6,5,26,16,851,443,12,13,7,8,14,19,20,34,0,2,3,14,12,13,35,69,0,0,1.9,1.4,35,0,84,597,21,17,9,0,0,0.3,0.3,11,1,21,247,15,16,6,9853,3231,358,383,259,284,25,45,2.7,12,50,22,5,5053,2161,84,102,124,148,36,73,0.7,6,17,7,2,8,4,4,4,7,6,12,2,10,0,9,9,4,0,6,9,16,5,11,0,42,111,515,228,31,851,6,3820,1671,34,4,18,7,662,84,86,216,164,70,14,443,7,1354,554,6,4,11,5,246,21,14,19,19,14,2,1,0.8,0,2,26,6,21.4,1,21.0,13,1,4,28.7,3,0,0.6,4,22,29,2,41.5,14,45.9,23,1,0,3.0
https://fbref.com/en/matches/83b56f72/Eintracht-Frankfurt-Viktoria-Plzen-September-26-2024-Europa-League,Eintracht Frankfurt,Viktoria Plzeň,3,3,1.4,1.2,False,67%,33%,604,703,251,353,6,19,6,13,3,6,3,6,0,0,5,11,5,1,17,12,830,468,22,20,9,13,24,13,13,21,1,1,4,13,17,20,64,68,0,0,1.5,1.4,33,5,61,573,16,20,9,0,0,1.2,1.2,20,5,19,160,9,13,7,9426,3587,315,342,215,239,43,69,1.4,17,49,15,3,3943,1708,126,152,75,91,24,65,0.5,9,16,5,2,14,12,9,1,6,7,18,5,13,0,11,11,7,2,11,9,14,3,11,1,53,233,406,192,32,830,11,2339,1088,13,5,10,9,599,61,63,154,214,105,12,468,6,926,414,4,1,13,16,251,19,24,13,13,24,6,3,1.6,0,3,25,3,23.3,2,29.0,11,0,1,16.5,6,3,0.8,5,19,19,4,41.2,13,51.2,14,0,1,19.0
https://fbref.com/en/matches/e99a4554/Augsburg-Stuttgart-January-12-2025-Bundesliga,Augsburg,Stuttgart,0,1,0.3,2.4,False,43%,57%,340,463,482,605,2,8,5,13,4,5,2,2,5,5,11,14,3,9,17,25,595,727,23,17,8,12,14,17,27,33,2,0,12,8,23,14,62,64,0,0,0.3,0.1,11,0,30,304,10,10,2,0,0,2.4,1.4,22,1,37,473,19,20,5,5928,2259,153,194,150,175,29,68,0.5,4,24,4,0,7768,2894,252,288,180,222,39,70,2.2,9,37,13,4,14,9,8,6,13,5,13,3,10,0,11,9,7,1,5,2,7,0,7,0,81,208,255,138,12,595,5,1270,664,9,2,18,12,333,29,94,296,271,165,36,727,13,2091,998,10,5,15,10,475,37,14,17,17,14,5,1,1.9,7,22,36,4,34.1,9,52.1,21,0,1,16.0,2,0,0.1,7,16,52,7,29.6,2,47.0,13,0,0,11.7
https://fbref.com/en/matches/3771f9a8/Eintracht-Frankfurt-Bayer-Leverkusen-March-1-2025-Bundesliga,Eintracht Frankfurt,Bayer Leverkusen,1,4,1.1,2.0,False,41%,59%,348,443,540,645,3,7,9,20,5,9,2,3,1,1,9,7,2,6,6,15,556,743,20,14,18,12,10,7,28,14,2,4,6,7,24,16,64,74,0,0,1.1,0.3,13,1,37,314,13,10,6,0,0,2.3,1.6,32,7,34,344,23,22,12,5563,1956,184,211,135,163,23,53,0.2,5,22,8,0,9030,3083,276,310,205,228,48,81,1.3,14,35,10,2,11,5,12,3,10,12,11,5,6,0,12,6,3,5,4,6,8,1,7,2,90,218,255,86,13,556,4,1394,643,9,4,9,10,347,37,61,187,383,175,36,743,10,1718,834,13,9,16,10,535,34,10,7,7,10,9,4,3.1,5,18,37,3,34.4,3,44.3,11,0,0,,3,1,1.2,12,20,38,3,36.6,3,63.0,2,0,1,40.5
https://fbref.com/en/matches/722df76c/Club-Brugge-Dortmund-September-18-2024-Champions-League,Club Brugge,Dortmund,0,3,1.2,1.9,False,37%,63%,375,442,695,759,5,18,5,16,3,5,5,5,1,1,11,4,5,3,14,14,542,855,12,15,7,8,7,4,16,14,2,2,9,6,10,10,58,48,0,0,1.3,0.6,31,0,37,197,18,16,5,1,1,1.1,1.0,32,6,51,609,24,19,10,7498,2623,136,151,186,203,51,74,1.0,12,33,7,1,10824,3426,367,385,271,285,39,58,1.1,15,56,10,2,5,6,3,3,8,10,7,4,3,0,10,11,3,1,11,5,11,6,5,0,63,212,217,116,24,542,11,1067,633,6,5,7,4,369,37,69,228,429,204,21,854,8,2963,1609,26,6,8,4,693,51,7,4,4,7,6,3,2.1,3,6,27,2,27.8,9,23.1,12,1,2,18.0,5,0,0.8,0,4,42,5,17.7,5,27.2,11,2,2,15.4
https://fbref.com/en/matches/54ce0559/Dortmund-Bayer-Leverkusen-January-10-2025-Bundesliga,Dortmund,Bayer Leverkusen,2,3,1.3,1.6,False,70%,30%,659,741,239,324,4,11,5,7,2,5,3,4,1,1,8,6,6,1,18,8,826,416,11,15,8,9,9,11,12,18,2,3,4,7,24,14,52,54,1,1,0.6,0.5,22,2,44,615,23,17,6,0,0,1.6,1.6,13,6,17,215,10,11,4,11263,3195,293,319,308,328,44,69,0.7,9,39,7,2,3801,1649,125,141,83,107,21,50,1.3,7,18,4,1,6,8,1,2,6,4,4,0,4,0,11,8,5,2,8,6,8,4,4,0,41,262,423,145,19,825,8,3180,1452,12,6,16,7,640,43,66,190,152,77,10,416,6,1066,545,3,3,17,5,237,17,9,11,11,9,5,3,2.0,1,6,73,3,23.5,0,,4,0,3,23.3,5,2,1.9,6,14,24,3,34.1,2,64.0,15,1,0,5.0
https://fbref.com/en/matches/4442b38e/Eintracht-Frankfurt-Augsburg-December-7-2024-Bundesliga,Eintracht Frankfurt,Augsburg,2,2,1.7,0.6,False,66%,34%,512,621,218,318,4,16,3,8,1,3,2,4,2,2,17,9,4,0,26,13,728,431,20,10,10,9,14,12,17,36,1,4,3,14,21,22,57,65,0,0,1.7,1.5,31,4,54,506,32,19,14,0,0,0.7,0.4,14,3,22,201,13,17,7,8402,3067,248,275,206,245,40,62,1.9,12,36,15,7,4110,2060,98,123,85,103,29,67,0.5,5,14,4,1,15,5,10,5,8,7,10,1,9,1,6,5,5,0,3,14,15,6,9,0,34,191,350,194,33,728,3,2472,1331,20,5,17,7,507,53,86,198,166,74,11,431,8,982,482,3,3,13,12,218,22,14,12,12,14,3,2,0.4,1,1,16,2,20.1,3,25.7,6,0,4,22.8,4,2,1.9,8,23,27,3,40.3,14,45.0,21,0,0,10.0
https://fbref.com/en/matches/a3887d2e/Monchengladbach-Eintracht-Frankfurt-February-8-2025-Bundesliga,Mönchengladbach,Eintracht Frankfurt,1,1,0.4,2.2,False,53%,47%,469,572,429,512,3,8,7,15,6,7,2,3,3,3,10,9,6,1,22,20,674,635,13,15,5,6,16,10,28,28,1,3,6,8,19,17,63,40,0,0,0.4,0.3,14,2,34,439,16,18,6,0,0,2.2,1.1,27,1,42,439,13,28,13,8147,2605,215,239,212,237,37,71,1.0,7,34,9,3,6129,2151,235,257,140,158,21,47,1.6,11,29,10,3,6,6,7,0,11,13,5,3,2,1,8,9,5,1,9,6,12,1,11,0,80,234,298,144,16,674,9,1974,993,18,2,9,6,466,32,57,160,329,149,27,635,11,1929,968,14,4,12,2,427,42,16,10,10,16,7,1,1.8,8,18,47,8,31.8,4,40.0,12,3,0,5.3,3,1,0.4,0,5,20,5,25.1,2,19.5,16,0,0,4.0
https://fbref.com/en/matches/19da909f/Freiburg-Augsburg-October-19-2024-Bundesliga,Freiburg,Augsburg,3,1,0.8,0.6,False,57%,43%,506,619,367,470,6,15,3,9,2,3,3,6,1,1,11,7,5,4,22,20,713,567,13,16,5,8,16,20,21,20,0,2,7,4,18,12,75,71,0,0,0.8,0.4,26,6,31,430,11,16,6,0,0,0.6,0.4,18,2,43,363,15,11,6,8531,3042,264,295,198,224,41,84,0.6,10,35,6,3,6874,2564,158,191,156,174,50,88,0.7,6,32,7,2,8,7,3,3,5,6,3,0,3,0,9,5,8,3,9,6,12,5,7,0,68,231,333,154,18,713,9,1640,750,9,2,15,7,500,31,49,182,279,110,10,567,5,1808,825,10,3,14,8,365,43,16,20,20,16,3,1,1.0,5,15,49,4,32.6,4,61.5,16,1,3,18.4,6,3,1.2,5,13,33,7,29.3,4,61.3,13,1,3,19.0
https://fbref.com/en/matches/c11acc1b/Bayern-Munich-Freiburg-September-1-2024-Bundesliga,Bayern Munich,Freiburg,2,0,1.5,1.0,False,66%,34%,657,745,278,381,2,11,3,8,3,3,1,2,1,1,13,12,2,4,13,10,843,478,14,16,6,15,19,8,21,20,1,0,3,10,21,18,48,73,1,1,0.8,0.5,18,3,47,552,25,22,13,0,1,0.3,0.2,9,0,16,271,12,12,5,10735,3945,354,391,257,281,40,54,1.1,7,50,11,1,4778,1622,111,131,133,156,21,69,0.4,4,15,2,0,9,6,6,2,7,5,10,1,9,2,12,10,5,1,9,13,11,4,7,1,53,257,430,159,26,842,9,2865,1301,20,5,15,7,655,47,62,185,199,98,11,477,7,1486,704,9,1,9,7,269,15,19,8,8,19,3,0,0.1,3,3,51,6,22.4,1,18.0,8,0,2,14.0,3,2,1.5,3,20,36,2,36.8,7,57.7,9,0,0,9.0
https://fbref.com/en/matches/48886f11/Wolfsburg-Bayern-Munich-August-25-2024-Bundesliga,Wolfsburg,Bayern Munich,2,3,1.9,2.4,False,30%,70%,188,283,553,655,1,9,8,15,6,8,0,1,2,2,12,11,1,7,11,15,395,756,21,18,13,2,12,16,22,13,3,1,9,7,20,22,74,50,1,1,1.1,0.8,18,3,21,190,8,15,5,0,0,2.4,2.3,29,4,47,385,11,33,16,3559,1764,88,102,61,87,28,67,0.9,7,20,6,2,9002,3038,282,313,217,248,42,67,2.1,14,34,12,2,16,11,6,4,13,16,15,5,10,0,9,7,7,4,8,5,10,2,8,1,59,158,158,88,16,394,8,967,365,4,3,12,10,187,21,55,237,367,160,30,756,13,1909,993,10,2,12,8,544,46,12,16,16,12,8,3,2.9,13,32,41,1,46.3,1,65.0,13,0,0,3.3,2,2,1.8,4,10,66,8,24.7,1,40.0,10,1,2,26.7
https://fbref.com/en/matches/ec9d955b/Bayern-Munich-Monchengladbach-May-10-2025-Bundesliga,Bayern Munich,Mönchengladbach,2,0,2.5,1.6,False,62%,38%,636,713,342,428,9,24,6,16,6,6,7,9,1,1,3,8,4,9,16,18,822,552,11,13,5,17,8,15,16,25,1,1,7,14,12,14,59,69,0,0,2.6,2.2,43,3,94,466,27,20,13,0,0,1.7,1.6,30,0,18,344,22,12,6,11303,3905,283,314,293,311,54,72,3.5,21,63,17,0,6342,2695,148,165,144,163,41,75,1.4,12,17,5,2,8,3,5,3,6,6,16,4,12,0,8,10,3,0,7,13,13,9,4,0,61,160,399,271,41,822,7,2594,1411,19,10,11,6,631,94,110,279,186,94,19,552,6,1846,971,14,7,14,5,341,18,8,15,15,8,6,0,2.0,4,6,26,7,28.2,6,29.2,14,0,2,14.5,9,2,2.5,13,29,48,7,38.0,6,61.7,11,0,0,5.5
https://fbref.com/en/matches/446a9815/Stuttgart-St-Pauli-December-21-2024-Bundesliga,Stuttgart,St. Pauli,0,1,2.1,2.2,False,72%,28%,655,757,202,290,5,25,4,10,3,4,5,5,2,2,10,11,9,1,36,6,875,458,11,29,5,15,13,16,15,63,1,5,8,11,33,15,50,51,0,0,2.1,1.4,48,0,56,514,35,29,17,0,1,1.3,1.3,18,2,16,161,16,14,7,9428,3333,375,402,198,228,39,67,2.2,19,47,23,6,3688,1860,90,106,77,101,27,59,0.8,8,14,6,2,6,3,5,3,6,7,8,1,7,1,22,15,13,1,11,17,18,13,5,0,64,167,476,235,56,875,11,3249,1796,18,9,19,18,650,56,104,218,180,66,14,457,6,1141,531,11,3,11,5,201,16,13,16,16,13,5,1,2.8,1,3,41,9,16.1,6,32.2,5,0,5,19.9,5,0,1.4,9,22,29,3,40.1,9,53.6,26,0,0,2.0
https://fbref.com/en/matches/61c993b3/Werder-Bremen-Stuttgart-November-30-2024-Bundesliga,Werder Bremen,Stuttgart,2,2,1.6,1.8,False,43%,57%,351,454,514,607,6,20,4,10,2,4,4,6,1,1,8,13,11,2,34,15,572,731,15,12,10,9,14,9,21,27,0,1,4,8,17,21,52,53,0,0,1.6,1.3,36,3,50,361,10,20,7,0,0,1.8,1.7,20,4,33,404,15,16,6,5980,2426,145,167,169,203,22,52,1.5,14,31,8,3,8065,2841,287,304,183,205,33,66,1.3,9,34,6,2,7,7,8,0,9,6,11,2,9,0,6,5,7,0,11,7,9,3,6,0,63,207,223,147,29,572,11,1786,701,6,4,9,1,347,50,86,211,375,151,15,731,9,1955,940,11,7,16,6,512,33,14,9,9,14,4,2,1.3,0,6,41,7,28.0,3,26.0,10,1,0,11.5,6,2,1.9,3,9,38,13,27.5,5,42.8,29,0,1,19.0
